variable	string
GameCore::Configuration::Game::KeyName_Game	GAME_ROOT
GameCore::Configuration::Game::KeyName_SyncRandomSeed	GAME_SYNC_RANDOM_SEED
GameCore::Configuration::Game::KeyName_StartTurn	GAME_START_TURN
GameCore::Configuration::Game::KeyName_StartYear	GAME_START_YEAR
GameCore::Configuration::Game::KeyName_TurnLimitType	GAME_TURN_LIMIT
GameCore::Configuration::Game::KeyName_MaxTurns	GAME_MAX_TURNS
GameCore::Configuration::Game::KeyName_TurnTimerType	TURN_TIMER_TYPE
GameCore::Configuration::Game::KeyName_TurnTimerTime	TURN_TIMER_TIME
GameCore::Configuration::Game::KeyName_TurnPhaseType	TURN_PHASE_TYPE
GameCore::Configuration::Game::KeyName_LastTurnPhaseType	LAST_TURN_PHASE_TYPE
GameCore::Configuration::Game::KeyName_GameSpeedName	GAME_SPEED_NAME
GameCore::Configuration::Game::KeyName_GameSpeedType	GAME_SPEED_TYPE
GameCore::Configuration::Game::KeyName_CalendarType	CALENDAR_TYPE
GameCore::Configuration::Game::KeyName_StartEra	GAME_START_ERA
GameCore::Configuration::Game::KeyName_QuickMovement	GAME_QUICK_MOVEMENT
GameCore::Configuration::Game::KeyName_SavedGame	SAVED_GAME
GameCore::Configuration::Game::KeyName_GameName	GAME_NAME
GameCore::Configuration::Game::KeyName_PrivateGame	PRIVATE_GAME
GameCore::Configuration::Game::KeyName_KickVote	KICK_VOTE
GameCore::Configuration::Game::KeyName_GameMode	GAME_MODE
GameCore::Configuration::Game::KeyName_GameState	GAME_STATE
GameCore::Configuration::Game::KeyName_GamePaused	GAME_PAUSED
GameCore::Configuration::Game::KeyName_GameReady	GAME_READY
GameCore::Configuration::Game::KeyName_GameHandicap	GAME_HANDICAP
GameCore::Configuration::Game::KeyName_RuleSet	RULESET
GameCore::Configuration::Game::KeyName_RuleSetName	RULESET_NAME
GameCore::Configuration::Game::KeyName_EnabledMods	ENABLED_MODS
GameCore::Configuration::Game::KeyName_RequiredMods	REQUIRED_MODS
GameCore::Configuration::Game::KeyName_ModID	MOD_ID
GameCore::Configuration::Game::KeyName_ModTitle_Loc	MOD_TITLE_KEY
GameCore::Configuration::Game::KeyName_WorldBuilder	WORLD_BUILDER
GameCore::Configuration::Game::KeyName_GameGUIDHi	GAME_GUID_HI
GameCore::Configuration::Game::KeyName_GameGUIDLo	GAME_GUID_LO
GameCore::Configuration::Game::KeyName_DisableSave	DISABLE_SAVING
GameCore::Configuration::Game::KeyName_NoTeams	NO_TEAMS
GameCore::Configuration::Game::KeyName_NoExtendedGame	NO_EXTENDED_GAME
GameCore::Configuration::Game::KeyName_CloudTurnPlayer	CLOUD_TURN_PLAYER
GameCore::Configuration::Game::KeyName_VictoryType	VICTORY_TYPE
GameCore::Configuration::Game::KeyName_VictoryTeam	VICTORY_TEAM
GameCore::Configuration::Game::KeyName_VictoryName	VICTORY_NAME
GameCore::Configuration::Game::KeyName_VictoryPlayerName	VICTORY_PLAYER_NAME
GameCore::Configuration::Game::KeyName_MatchMaking	MATCHMAKING
GameCore::Configuration::Game::KeyName_GameRealism	GAME_REALISM
GameCore::Configuration::Game::KeyName_EnabledGameModeNames	GAMEMODES_ENABLED_NAMES
GameCore::Configuration::Map::KeyName_Map	MAP_ROOT
GameCore::Configuration::Map::KeyName_MapName	MAP_NAME
GameCore::Configuration::Map::KeyName_MapImportFilename	MAP_IMPORT_FILENAME
GameCore::Configuration::Map::KeyName_IsWrapOn	MAP_WRAP_ON
GameCore::Configuration::Map::KeyName_MapSize	MAP_SIZE
GameCore::Configuration::Map::KeyName_IsRandomMapSize	IS_RANDOM_MAP_SIZE
GameCore::Configuration::Map::KeyName_MapScript	MAP_SCRIPT
GameCore::Configuration::Map::KeyName_IsRandomMapScript	IS_RANDOM_MAP_SCRIPT
GameCore::Configuration::Map::KeyName_RandomSeed	RANDOM_SEED
GameCore::Configuration::Map::KeyName_MinMajorPlayers	MAP_MIN_MAJOR_PLAYERS
GameCore::Configuration::Map::KeyName_MaxMajorPlayers	MAP_MAX_MAJOR_PLAYERS
GameCore::Configuration::Map::KeyName_MinMinorPlayers	MAP_MIN_MINOR_PLAYERS
GameCore::Configuration::Map::KeyName_MaxMinorPlayers	MAP_MAX_MINOR_PLAYERS
GameCore::Configuration::Map::KeyName_IsWorldBuilder	MAP_IS_WORLD_BUILDER
GameCore::Configuration::Map::KeyName_MapTemperatureType	temperature
GameCore::Configuration::Map::KeyName_StartingTemperatureAverageValue	StartingTemperatureAverageValue
GameCore::Configuration::Map::KeyName_MinFloodplainSize	MAP_MIN_FLOODPLAIN_SIZE
GameCore::Configuration::Map::KeyName_MaxFloodplainSize	MAP_MAX_FLOODPLAIN_SIZE
GameCore::Configuration::Player::KeyName_PlayerID	PLAYER_ID
GameCore::Configuration::Player::KeyName_CivilizationTypeName	CIVILIZATION_TYPE_NAME
GameCore::Configuration::Player::KeyName_CivilizationTypeID	CIVILIZATION_TYPE_ID
GameCore::Configuration::Player::KeyName_CivilizationDescription	CIVILIZATION_DESCRIPTION
GameCore::Configuration::Player::KeyName_CivilizationShortDescription	CIVILIZATION_SHORT_DESCRIPTION
GameCore::Configuration::Player::KeyName_CivilizationAdjective	CIVILIZATION_ADJECTIVE
GameCore::Configuration::Player::KeyName_CivilizationLevelTypeName	CIVILIZATION_LEVEL_TYPE_NAME
GameCore::Configuration::Player::KeyName_CivilizationLevelTypeID	CIVILIZATION_LEVEL_TYPE_ID
GameCore::Configuration::Player::KeyName_LeaderTypeName	LEADER_TYPE_NAME
GameCore::Configuration::Player::KeyName_LeaderTypeID	LEADER_TYPE_ID
GameCore::Configuration::Player::KeyName_LeaderDescription	LEADER_DESCRIPTION
GameCore::Configuration::Player::KeyName_LeaderShortDescription	LEADER_SHORT_DESCRIPTION
GameCore::Configuration::Player::KeyName_LeaderName	LEADER_NAME
GameCore::Configuration::Player::KeyName_LeaderRandomPoolID	LEADER_RANDOM_POOL_ID
GameCore::Configuration::Player::KeyName_NetworkName	NETWORK_NAME
GameCore::Configuration::Player::KeyName_HotseatPassword	HOTSEAT_PASSWORD
GameCore::Configuration::Player::KeyName_NickName	NICK_NAME
GameCore::Configuration::Player::KeyName_AgendaTypeID	AGENDA_TYPE_ID
GameCore::Configuration::Player::KeyName_AgendaTypeName	AGENDA_TYPE_NAME
GameCore::Configuration::Player::KeyName_Team	TEAM
GameCore::Configuration::Player::KeyName_HandicapTypeID	HANDICAP_TYPE_ID
GameCore::Configuration::Player::KeyName_PlayerColorType	PLAYER_COLOR_TYPE
GameCore::Configuration::Player::KeyName_PlayerColorAlternateType	PLAYER_COLOR_ALTERNATE
GameCore::Configuration::Player::KeyName_StartingEraTypeName	STARTING_ERA_TYPE_NAME
GameCore::Configuration::Player::KeyName_StartingGoldAmount	STARTING_GOLD_AMOUNT
GameCore::Configuration::Player::KeyName_StartingFaithAmount	STARTING_FAITH_AMOUNT
GameCore::Configuration::Player::KeyName_SlotStatus	SLOT_STATUS
GameCore::Configuration::Player::KeyName_StartingPosition	STARTING_POSITION
GameCore::Configuration::Player::KeyName_Ready	READY_STATUS
GameCore::Configuration::Player::KeyName_ModReady	MOD_READY_STATUS
GameCore::Configuration::Player::KeyName_WantsPause	WANTS_PAUSE
GameCore::Configuration::Player::KeyName_HumanRequired	HUMAN_REQUIRED
GameCore::Configuration::Player::KeyName_IsLocked	IS_LOCKED
GameCore::Configuration::Player::KeyName_IsHidden	IS_HIDDEN
GameCore::Configuration::Player::KeyName_IsAlive	IS_ALIVE
GameCore::Configuration::Player::KeyName_MapPins	MAP_PINS
GameCore::Configuration::Player::KeyName_CloudSlotNum	CLOUD_SLOT_NUM
GameCore::Configuration::Player::KeyName_TurnWebHookURL	WEBHOOK_URL
GameCore::Configuration::Player::KeyName_TurnWebHookFrequency	WEBHOOK_FREQUENCY
GameCore::Messages::CityCommand::ms_szIntanceName	CityCommand
GameCore::Messages::CityOperation::ms_szIntanceName	CityOperation
GameCore::Messages::CivicsCommand::ms_szIntanceName	CivicsCommand
GameCore::Messages::DiplomacyAction::ms_szIntanceName	DiplomacyAction
GameCore::Messages::DiplomacyDeal::ms_szIntanceName	DiplomacyDeal
GameCore::Messages::DiplomacySession::ms_szIntanceName	DiplomacySession
GameCore::Messages::DiplomacyStatement::ms_szIntanceName	DiplomacyStatement
GameCore::Messages::GamePaused::ms_szIntanceName	GamePaused
GameCore::Messages::GameTurnComplete::ms_szIntanceName	GameTurnComplete
GameCore::Messages::GameUpdate::ms_szIntanceName	GameUpdate
GameCore::Messages::PlayerConnectionChange::ms_szIntanceName	PlayerConnectionChange
GameCore::Messages::PlayerOperation::ms_szIntanceName	PlayerOperation
GameCore::Messages::PlayerRetire::ms_szIntanceName	PlayerRetire
GameCore::Messages::PlayerSnapshotStatus::ms_szIntanceName	PlayerSnapshotStatus
GameCore::Messages::PlayerSwap::ms_szIntanceName	PlayerSwap
GameCore::Messages::PlayerTurnComplete::ms_szIntanceName	PlayerTurnComplete
GameCore::Messages::PlayerTurnUnready::ms_szIntanceName	PlayerTurnUnready
GameCore::Messages::UnitCommand::ms_szIntanceName	UnitCommand
GameCore::Messages::UnitOperation::ms_szIntanceName	UnitOperation
GameCore::XP2::Context::CIV6_DLL_VERSION	1.0.0
GameCore::XP2::Context::CIV6_SERIALIZATION_EXTENDED_VERSION_INFO	
