function	returns	size_bytes	ret_type	header
AI::BehaviorTree::BehaviorTree::GetChildTree	0	3	AI::BehaviorTree::BehaviorTree*	BehaviorTree.h
AI::Planning::Instance::GetsCombatInfo	1	3	bool	UnitPlanning_Manager.h
AI::Planning::PlotsOnly::GetsCombatInfo	0	3	bool	UnitPlanning_Manager.h
Cache::AI::InfluenceMap::Find	0	3	int	Cache_Ai_InfluenceMap.h
Cache::Player::Culture::GetIncrementingBonus	0	3	int	Cache_Player_Culture.h
Cache::Player::Culture::GetIncrementingBonusIncrement	0	3	int	Cache_Player_Culture.h
Cache::Player::Culture::GetIncrementingBonusInterval	1	6	int	Cache_Player_Culture.h
Cache::Player::Culture::GetIncrementingBonusTurnsUntilNext	1	6	int	Cache_Player_Culture.h
Congress::Discussion::GetPolicyType	1	6	Congress::CongressPolicyTypes	World_Congress.h
Congress::Policy::GetPolicyType	0xffffffff	6	Congress::CongressPolicyTypes	World_Congress.h
Congress::Policy::IsVotingAllowed	0	3	bool	World_Congress.h
Diplomacy::Deal::Item::Instance::GetAmount	0	3	int	Deal_Item_Instance.h
Diplomacy::Deal::Item::Instance::GetMaxAmount	0	3	int	Deal_Item_Instance.h
Diplomacy::Deal::Item::Instance::GetMinAmount	0	3	int	Deal_Item_Instance.h
Diplomacy::Deal::Item::Instance::IsMutuallyExclusiveWith	0	3	bool	Deal_Item_Instance.h
Diplomacy::Statement::Greeting::GetNotificationText	0	3	bool	Diplomacy_Statement_Greeting.h
Diplomacy::Statement::Response::GetNotificationText	0	3	bool	Diplomacy_Statement_Response.h
Exports::Context::GetMaxPlayers	0x40	6	int	Export_Context.h
Exports::Definitions::GetDefinition	0	3	Interfaces::IFeatureDefinition1*	Export_Definitions.h
Exports::GameGreatPeople::GetTimelineSize	0	3	uint	Export_GameGreatPeople.h
Exports::GameReligion::GetReligionsSize	0	3	uint	Export_GameReligion.h
Exports::GameReligion::HasBeenFounded	0	3	bool	Export_GameReligion.h
Exports::GameReligion::HasBeliefEachType	0	3	bool	Export_GameReligion.h
Exports::GameReligion::IsInSomePantheon	0	3	bool	Export_GameReligion.h
Exports::GameReligion::IsInSomeReligion	0	3	bool	Export_GameReligion.h
Exports::GameReligion::IsNewTypeForReligion	0	3	bool	Export_GameReligion.h
Exports::GameReligion::IsTooManyForReligion	0	3	bool	Export_GameReligion.h
Exports::Unit::GetCulture	0xffffffff	6	CultureTypes	Export_Unit.h
Exports::Unit::GetGender	0xffffffff	6	GenderTypes	Export_Unit.h
Game::Eras::GetThresholdShiftFromGovernment	0	3	int	Game_Eras.h
Game::HeroesManager::IsHeroUnitSpawnAtHolySite	0	3	bool	Game_HeroesManager.h
Game::NameManager::CanUseUnusedCivilizationCityNames	1	3	bool	Game_NameManager.h
Map::Feature::NaturalWonderVolcano::IsActive	1	3	bool	XP2_Map_Feature_Manager.h
Map::Feature::NaturalWonderVolcano::IsNaturalWonder	1	3	bool	XP2_Map_Feature_Manager.h
Map::Feature::Volcano::IsNaturalWonder	0	3	bool	XP2_Map_Feature_Manager.h
Map::Plot::Instance::GetSerializationVersion	6	6	int	Plot_Instance.h
Map::Plot::Instance::HasSpecialImprovement	0	3	bool	Plot_Instance.h
Map::Plot::Instance::IsAllowImpassableMovement	0	3	bool	Plot_Instance.h
Map::Plot::Instance::IsCanyon	0	3	bool	Plot_Instance.h
Map::River::Manager::GetDefaultFloodDuration	1	6	int	XP2_Map_River_Manager.h
Player::Culture::GetEnactPolicyCost	0	3	int	Player_Culture.h
Player::Religion::CanAffordPlot	0	3	bool	Player_Religion.h
Quests::Logic::ClearBarbarianCamp::GetMaximumCampDistance	5	6	int	Quests_Logic_ClearBarbarianCamp.h
Trade::Manager::IsInstantRoadPlacement	0	3	bool	Trade_Manager.h
Unit::Instance::GetNoDefensiveBonusCount	0	3	int	Unit_Instance.h
Unit::Instance::IsCargo	0	3	bool	Unit_Instance.h
Unit::Instance::IsSuicide	0	3	bool	Unit_Instance.h
Unit::Operations::MakeTradeRoute::CanBeInterrupted	0	3	bool	Unit_Operations_MakeTradeRoute.h
Unit::Operations::Manager::IsDoingPartialMove	0	3	bool	Unit_Operations_Manager.h
Unit::Placement::CanShareLocation	0	3	bool	Unit_Placement.h
WorldBuilder::City::Serializer::GetRemappingList	1	3	bool	WorldBuilder_City_Serializer.h
WorldBuilder::Unit::Serializer::GetRemappingList	1	3	bool	WorldBuilder_Unit_Serializer.h
GameEffects::Effects::DiplomacyAgendaKublaiPax::CalculateScore	0	3	int	GameEffects_Effects_Diplomacy_Agenda_KublaiPax.h
GameEffects::Effects::DiplomacyAgendaTrieuDefender::CalculateScore	0	3	int	GameEffects_Effects_Diplomacy_Agenda_TrieuDefender.h
GameEffects::RequirementSets::SimpleRequirementSet::GetProgress	0	3	bool	GameEffects_RequirementSets_SimpleRequirementSet.h
GameEffects::Requirements::CollectionCountEquals::GetProgress	0	3	bool	GameEffects_Requirements_CollectionCountEquals.h
GameEffects::Requirements::ConstRequirement::IsActive	0	3	bool	GameEffects_Requirements_ConstRequirement.h
Serialization::MemoryOStream::IsMemoryStream	1	3	bool	Serialization_MemoryStreams.h
