kind	symbol_rva	label_in_symbol_build	n_direct_callers	caller_categories	some_callers
returns 0 / false	0x478f10	Serialization::MemoryIStream::OutstandingRequests	9	{"ui-cache": 1, "template-instance": 1, "ai": 1, "compiler-generated": 1, "game-logic": 3, "lua-wrapper": 1, "library": 1}	Cache::Player::Culture::GetEnactPolicyCost | AI::BehaviorTree::RunBehaviorTreeNode::Update | Exports::InfluenceMap::Find | Exports::PlayerCulture::GetEnactPolicyCost | Unit::Operations::MoveTo::Update
returns 0x16244647	0x609c60	WorldBuilder::Command::BlockCommand::GetType	0	{}	
returns 0x1849697f	0x616a60	WorldBuilder::Player::CommandSetLeader::GetType	0	{}	
returns 0x216c57b7	0x3600a0	Rules::Buildings::Instance::GetID	0	{}	
returns 0x23d2a0f6	0x616a70	WorldBuilder::Player::CommandSetStartPos::GetType	0	{}	
returns 0x29ac508a	0x60d190	WorldBuilder::Map::CommandEditRiver::GetType	0	{}	
returns 0x2a09e61f	0x363f70	Rules::Civics::Instance::GetID	0	{}	
returns 0x2ea66215	0x364050	Rules::Civilizations::Instance::GetID	0	{}	
returns 0x2ebae274	0x60d1c0	WorldBuilder::Map::CommandSetResource::GetType	0	{}	
returns 0x34668093	0x371a20	Rules::Espionage::Instance::GetID	0	{}	
returns 0x346b06fc	0x60d1d0	WorldBuilder::Map::CommandSetRevealed::GetType	0	{}	
returns 0x389d71b2	0x60d180	WorldBuilder::Map::CommandEditCliff::GetType	0	{}	
returns 0x390f11b4	0x6071f0	WorldBuilder::City::CommandCreate::GetType	0	{}	
returns 0x3e84da5b	0x60d1f0	WorldBuilder::Map::CommandSetTerrain::GetType	0	{}	
returns 0x3f6a3bb9	0x607230	WorldBuilder::City::CommandRemoveBuilding::GetType	0	{}	
returns 0x40	0x58f570	Exports::Context::GetMaxPlayers	0	{}	
returns 0x4286aac7	0x60d1e0	WorldBuilder::Map::CommandSetRoute::GetType	0	{}	
returns 0x44001a67	0x18b180	Diplomacy::Statement::DeclareWar::GetActionType	0	{}	
returns 0x5d2ccbe4	0x607200	WorldBuilder::City::CommandCreateBuilding::GetType	0	{}	
returns 0x5eb0df7	0x584370	Diplomacy::Deal::Item::Gold::GetValueCategory	0	{}	
returns 0x64423157	0x379940	Rules::Religions::Instance::GetID	0	{}	
returns 0x690e3026	0x616a50	WorldBuilder::Player::CommandSetGold::GetType	0	{}	
returns 0x764958a7	0x616a30	WorldBuilder::Player::CommandSetEra::GetType	0	{}	
returns 0x7b055aac	0x61c9e0	WorldBuilder::Unit::CommandCreate::GetType	0	{}	
returns 0x7b595c2d	0x584d80	Diplomacy::Deal::Item::GreatWork::GetValueCategory	0	{}	
returns 0x8256dbe1	0x36a1b0	Rules::Combat::Instance::GetID	0	{}	
returns 0x83626bbf	0x37c4e0	Rules::Yields::Instance::GetID	0	{}	
returns 0x84e9dc8a	0x18c6c0	Diplomacy::Statement::MakeDeal::GetActionType	0	{}	
returns 0x89431d84	0x583c00	Diplomacy::Deal::Item::Favor::GetValueCategory	0	{}	
returns 0x8d82feb7	0x607210	WorldBuilder::City::CommandCreateDistrict::GetType	0	{}	
returns 0x95fde458	0x18b8a0	Diplomacy::Statement::Denounce::GetActionType	0	{}	
returns 0x997e7b28	0x35fb40	Rules::Appeal::Instance::GetID	0	{}	
returns 0x9c53a767	0x61c9f0	WorldBuilder::Unit::CommandRemove::GetType	0	{}	
returns 0x9cadb110	0x581b10	Diplomacy::Deal::Item::Captive::GetValueCategory	0	{}	
returns 0xa4f6b604	0x60d1b0	WorldBuilder::Map::CommandSetImprovement::GetType	0	{}	
returns 0xbbec9e	0x616a40	WorldBuilder::Player::CommandSetFaith::GetType	0	{}	
returns 0xbf8f7586	0x373520	Rules::Governments::Instance::GetID	0	{}	
returns 0xc03f9783	0x586f70	Diplomacy::Deal::Item::Resources::GetValueCategory	0	{}	
returns 0xc65235f6	0x616a10	WorldBuilder::Player::CommandInitialize::GetType	0	{}	
returns 0xc85771f4	0x616a80	WorldBuilder::Player::CommandSetTech::GetType	0	{}	
returns 0xcd11f644	0x375d50	Rules::Movement::Instance::GetID	0	{}	
returns 0xd148249e	0x607250	WorldBuilder::City::CommandSetPlotOwner::GetType	0	{}	
returns 0xd23c514a	0x373b50	Rules::Improvements::Instance::GetID	0	{}	
returns 0xd384eeb7	0x582bd0	Diplomacy::Deal::Item::Cities::GetValueCategory	0	{}	
returns 0xd3def9cc	0x36cb80	Rules::Districts::Instance::GetID	0	{}	
returns 0xd65a8912	0x361ae0	Rules::Cities::Instance::GetID	0	{}	
returns 0xde59ec7f	0x607220	WorldBuilder::City::CommandRemove::GetType	0	{}	
returns 0xe09a3f3c	0x379a20	Rules::Techs::Instance::GetID	0	{}	
returns 0xe11b4906	0x37b510	Rules::Units::Instance::GetID	0	{}	
returns 0xe2d56ff4	0x36f000	Rules::Economic::Instance::GetID	0	{}	
returns 0xe592b04f	0x616a90	WorldBuilder::Player::CommandUninitialize::GetType	0	{}	
returns 0xe6f44243	0x379080	Rules::Players::Instance::GetID	0	{}	
returns 0xe925fc8c	0x60d1a0	WorldBuilder::Map::CommandSetFeature::GetType	0	{}	
returns 0xefc40eea	0x607240	WorldBuilder::City::CommandRemoveDistrict::GetType	0	{}	
returns 0xf3e6941e	0x3786a0	Rules::Placement::Instance::GetID	0	{}	
returns 0xf543f566	0x616a20	WorldBuilder::Player::CommandSetCivic::GetType	0	{}	
returns 0xfc731e25	0x36c5f0	Rules::Diplomacy::Instance::GetID	0	{}	
returns 0xffb92716	0x36f2b0	Rules::Era::Instance::GetID	0	{}	
returns 1	0x53c780	AI::BehaviorTree::NotifyOwnerNode::Update	887	{"ui-cache": 146, "game-logic": 388, "template-instance": 64, "ai": 243, "library": 14, "database-definitions": 1, "lua-wrapper": 1, "lua-glue": 30}	Cache::Context::Instance::CreateGame | Cache::Game::Economic::EventStream::Manager::Initialize | Cache::GameHeroesManager::EventStream::Manager::Initialize | Cache::Lua::IGameEconomicManager::Register | Cache::Map::EventStream::Manager::Initialize
returns 2	0x401160	std::_Func_impl<<lambda_d4669148609cc448dd4bb7d4d4d58b1b>,std::allocator<int>,GameCore::AI::OffTurnProcessingStatus>::_Do_call	0	{}	
returns 3	0x9a5730	Data::TypedVariantVectorMap::GetType	0	{}	
returns 4	0x9a7910	Data::TypedVariantVector::GetType	0	{}	
returns 5	0x9a0a00	Data::TypedVariantSingle::GetType	0	{}	
returns 6	0x5e9a0	Map::Plot::Instance::GetSerializationVersion	2	{"template-instance": 2}	
returns FixedPoint/struct 0	0x36f090	Cache::City::CulturalIdentity::GetIdentityPerTurnFromNearbyOwnedCities	13	{"ui-cache": 2, "game-logic": 5, "lua-wrapper": 6}	Cache::Trade::Manager::CalculateDestinationYieldFromAttachingResource | Cache::Trade::Manager::CalculateDestinationYieldFromPath | City::Instance::CalculateYield | Rules::Economic::Instance::CalculateTradeRouteDestinationYield | Rules::Economic::Instance::CalculateTradeRouteOriginYield
returns false	0x852e70	_anon_5E3806C2::ScaleByGameSpeedFunction::DependsOnOwner	16	{"lua-wrapper": 3, "game-logic": 12, "ai": 1}	Lua::IMapPlot::lIsCanyon | Lua::IMapPlot::lIsOpenGround | Lua::IMapPlot::lIsRoughGround | City::Gold::CanPlaceUnit | City::Manager::CreateUnit
returns struct 0	0x442f10	AI::KeepPromiseDontSettleTooNearEvaluator::Desirability	0	{}	
returns true	0x8801d0	_anon_5E3806C2::ScaleByHandicapFunction::DependsOnOwner	11	{"ui-cache": 3, "game-logic": 3, "library": 5}	Cache::Player::Culture::CanPolicyBeSlotted | Cache::Player::Culture::IsGovernmentUnlocked | Cache::Player::Culture::IsPolicyUnlocked | Exports::PlayerCulture::IsGovernmentUnlocked | Exports::PlayerCulture::IsPolicyUnlocked
