object	method
AutoplayManager	GetDisableAssertsForAutoplay
AutoplayManager	GetObserveAsPlayer
AutoplayManager	GetReturnAsPlayer
AutoplayManager	GetTurns
AutoplayManager	IsActive
AutoplayManager	SetActive
AutoplayManager	SetDisableAssertsForAutoplay
AutoplayManager	SetObserveAsPlayer
AutoplayManager	SetReturnAsPlayer
AutoplayManager	SetTurns
BarbarianTribes	CreateSpecificTribe
BarbarianTribes	CreateTribeOfType
BarbarianTribes	CreateTribeUnits
BarbarianTribes	StartOperationWithCityTarget
Barbarians	GetTribeBribeTurnsRemaining
Barbarians	GetTribeCampLocation
Barbarians	GetTribeConversionDisabledHelp
Barbarians	GetTribeConversionPercent
Barbarians	GetTribeConversionPoints
Barbarians	GetTribeConversionPointsRequired
Barbarians	GetTribeInciteCost
Barbarians	GetTribeInciteSourcePlayer
Barbarians	GetTribeInciteTargetPlayer
Barbarians	GetTribeInciteTargets
Barbarians	GetTribeRansomUnit
Barbarians	IsClanExcludeUnitType
Calendar	GetTurnMonthForGame
Calendar	GetTurnYearForGame
Calendar	MakeDateStr
Calendar	MakeYearStr
CityPower	GetFreePower
CityPower	GetFreePowerSources
CityPower	GetGeneratedPowerSources
CityPower	GetMissingPower
CityPower	GetPlotsCoveredByRegionalPower
CityPower	GetPlotsProvidingPower
CityPower	GetRequiredPower
CityPower	GetRequiredPowerSources
CityPower	GetTemporaryPower
CityPower	GetTemporaryPowerSources
CityPower	IsFullyPowered
CityPower	IsFullyPoweredByActiveProject
Deal	AddItemOfType
Deal	ClearItemsByType
Deal	ClearItemsByValue
Deal	FindItemByID
Deal	FindItemByType
Deal	FindItemByValueType
Deal	FindItemsByType
Deal	FindItemsByValueType
Deal	GetItemCount
Deal	GetItemParent
Deal	GetOtherPlayerID
Deal	GetPlayer1ID
Deal	GetPlayer2ID
Deal	HasUnacceptableItems
Deal	IsDemand
Deal	IsGift
Deal	Items
Deal	RemoveItem
Deal	RemoveItemByID
Deal	SetUnacceptableItem
Deal	SetUnacceptableItemByID
Deal	Validate
DealItem	GetAmount
DealItem	GetDuration
DealItem	GetEnactedTurn
DealItem	GetEndTurn
DealItem	GetFromPlayerID
DealItem	GetMaxAmount
DealItem	GetMinAmount
DealItem	GetParameterValue
DealItem	GetPlayerIDs
DealItem	GetSubType
DealItem	GetSubTypeID
DealItem	GetSubTypeNameID
DealItem	GetToPlayerID
DealItem	GetValueCategory
DealItem	GetValueType
DealItem	GetValueTypeID
DealItem	GetValueTypeNameID
DealItem	HasPossibleAmounts
DealItem	HasPossibleDurations
DealItem	HasPossibleValues
DealItem	IsChild
DealItem	IsExpired
DealItem	IsLocked
DealItem	IsUnacceptable
DealItem	SetAmount
DealItem	SetDuration
DealItem	SetFromPlayerID
DealItem	SetLocked
DealItem	SetParameterValue
DealItem	SetPlayerIDs
DealItem	SetSubType
DealItem	SetToPlayerID
DealItem	SetValueType
EmergencyManager	GetEmergencyInfoTable
EmergencyManager	GetNextBlockingEmergency
EmergencyManager	GetSingleEmergency
Fractal	BuildRidges
Fractal	CreateRifts
Fractal	GetHeight
Fractal	__gc
FreeCities	GetUrbanDefenses
GameCapabilities	HasCapability
GameEconomicManager	CanHaveCorporation
GameEconomicManager	CanHaveIndustry
GameEconomicManager	GetCorporationName
GameEconomicManager	GetMapResources
GameEconomicManager	GetNumControlledResources
GameEconomicManager	GetPlayerCorporations
GameEconomicManager	GetPlayerIndustries
GameEconomicManager	GetResourceMonopolyPlayer
GameEconomicManager	HasCorporation
GameEconomicManager	HasCorporationOf
GameEconomicManager	HasIndustry
GameEconomicManager	HasIndustryOf
GameEconomicManager	IsResourceMonopoly
GameGossipManager	GetRecentVisibleGossipStrings
GameHeroesManager	CreateHero
GameHeroesManager	GetHeroClaimPlayer
GameHeroesManager	GetHeroClassBaseCharges
GameHeroesManager	GetHeroOriginCityID
GameHeroesManager	GetPlayerHeroOriginBuildingType
GameHeroesManager	GetUnitHeroClass
GameHeroesManager	IsHeroDiscovered
GameHeroesManager	PlayerDiscoverNextHero
GameHeroesManager	SetHeroDiscovered
GameHistoryManager	GetAllMomentsData
GameHistoryManager	GetMomentCount
GameHistoryManager	GetMomentData
GameHistoryManager	GetMomentType
GameHistoryManager	HasPrideMoments
GameHistoryManager	WritePrideMomentInfo
GameNationalParks	EnumerateNationalParks
GameNationalParks	GetAtIndex
GameNationalParks	GetAtLocation
GameNationalParks	GetPossibleParkTiles
GameSummary	CoalesceDataSet
GameSummary	GetDataSetCount
GameSummary	GetDataSetDisplayDescription
GameSummary	GetDataSetDisplayName
GameSummary	GetDataSetName
GameSummary	GetDataSetValue
GameSummary	GetDataSetValues
GameSummary	GetDataSetVisible
GameSummary	HasDataSetValues
Governor	CanAssignToMajorCiv
Governor	GetIdentityPressure
Governor	GetNeutralizedTurns
Governor	GetTurnsOnSite
Governor	IsEstablished
Governor	IsGovernCityState
HallofFame	AdjustDataSetValue
HallofFame	CreateObject
HallofFame	FindDataPoint
HallofFame	FindDataSet
HallofFame	GetCityObject
HallofFame	GetDataPoints
HallofFame	GetDataSetValue
HallofFame	GetDataSets
HallofFame	GetLastDataSetValue
HallofFame	GetObjects
HallofFame	GetOrCreateDataPoint
HallofFame	GetOrCreateDataSet
HallofFame	GetPlayerObject
HallofFame	GetRulesetTypes
HallofFame	LookupDataPoint
HallofFame	LookupDataSet
HallofFame	SetDataPoint
HallofFame	SetDataSetValue
HallofFame	SetRulesetType
HallofFame	UpdateDataPoint
MapAreaBuilder	Calculate
MapAreaBuilder	Recalculate
MapAreaPortal	GetEntrancePlotIndex
MapAreaPortal	GetExitCount
MapAreaPortal	GetExitPlotIndex
MapAreaPortal	HasEntranceAt
MapAreaPortal	HasExitAt
MapAreas	FindBiggestArea
MapAreas	GetLandCount
MapPlotUnitList	Units
MapPlotUnitList	UnitsAux
MapResourceBuilder	CanHaveResource
MapResourceBuilder	ChangeResourceCount
MapResourceBuilder	GetAdjacentResourceCount
MapResourceBuilder	SetResourceCount
MapResourceBuilder	SetResourceType
MapRouteBuilder	CanHaveRoute
MapRouteBuilder	SetRoutePillaged
MapRouteBuilder	SetRouteType
MapRoutes	GetIndexedPortal
MapRoutes	GetPortalCount
MapStartPositioner	DivideMapIntoMajorRegions
MapStartPositioner	DivideMapIntoMinorRegions
MapStartPositioner	GetMajorCivStartInfo
MapStartPositioner	GetMajorCivStartPlots
MapStartPositioner	GetMinorCivStartInfo
MapStartPositioner	GetMinorCivStartPlots
MapStartPositioner	GetNumMajorCivStarts
MapStartPositioner	GetNumMinorCivStarts
MapStartPositioner	GetOceanStartTile
MapStartPositioner	GetPlotFertility
MapStartPositioner	GetTotalOceanStartCandidates
MapStartPositioner	MarkMajorRegionUsed
MapStartPositioner	PlaceOceanStartCivs
NotificationInstance	Activate
NotificationInstance	AutoExpires
NotificationInstance	CanUserDismiss
NotificationInstance	GetAddedTurn
NotificationInstance	GetEndTurnBlocking
NotificationInstance	GetExpireTurn
NotificationInstance	GetGroup
NotificationInstance	GetIconName
NotificationInstance	GetMessage
NotificationInstance	GetPlayerID
NotificationInstance	GetSeverity
NotificationInstance	GetSummary
NotificationInstance	GetTarget
NotificationInstance	IsAutoNotify
NotificationInstance	IsDismissed
NotificationInstance	IsExpired
NotificationInstance	IsIconDisplayable
NotificationInstance	IsLocationValid
NotificationInstance	IsNeeded
NotificationInstance	IsTargetValid
NotificationInstance	IsValidForPhase
NotificationInstance	IsVisibleInUI
PlayerConfiguration	GetCivilizationDescription
PlayerConfiguration	GetCivilizationLevelTypeID
PlayerConfiguration	GetCivilizationLevelTypeName
PlayerConfiguration	GetCivilizationShortDescription
PlayerConfiguration	GetCivilizationTypeID
PlayerConfiguration	GetCivilizationTypeName
PlayerConfiguration	GetColor
PlayerConfiguration	GetHandicapTypeID
PlayerConfiguration	GetLeaderName
PlayerConfiguration	GetLeaderTypeID
PlayerConfiguration	GetLeaderTypeName
PlayerConfiguration	GetNickName
PlayerConfiguration	GetPlayerName
PlayerConfiguration	GetSlotName
PlayerConfiguration	GetSlotStatus
PlayerConfiguration	GetStartingPosition
PlayerCulture	IsDominantOver
PlayerCulture	Reset
PlayerTrade	GetInternationalYieldModifier
PlayerVisibility	AddOutgoingVisibility
PlayerVisibility	ChangeVisibilityCount
PlayerVisibility	GetLayerValue
PlayerVisibility	GetNumRevealedHexes
PlayerVisibility	GetState
PlayerVisibility	GetVisibilityCount
PlayerVisibility	IsRevealed
PlayerVisibility	IsUnitVisible
PlayerVisibility	IsVisible
PlayerVisibility	RemoveOutgoingVisibility
PlayerVisibility	RevealAllPlots
ReportingEvents	Send
ReportingEvents	SendLuaEvent
UnitAbility	AddAbilityCount
UnitAbility	CanHaveAbility
UnitAbility	ChangeAbilityCount
UnitAbility	GetAbilities
UnitAbility	GetAbilityCount
UnitAbility	HasAbility
UnitAbility	RemoveAbilityCount
UnitArchaeology	GetArtifactIndex
UnitArchaeology	GetHomeBuilding
UnitArchaeology	GetHomeCityID
UnitRockBand	GetAlbumSales
UnitRockBand	GetRockBandLevel
UnitRockBand	IsMaxLevel
UnitRockBand	IsMaxPromotions
WorldBuilderCityManager	GetCityValue
WorldBuilderCityManager	GetDistrictValue
WorldBuilderCityManager	GetPlotOwner
WorldBuilderCityManager	Remove
WorldBuilderCityManager	RemoveAll
WorldBuilderCityManager	RemoveAt
WorldBuilderCityManager	SetCityValue
WorldBuilderCityManager	SetDistrictValue
WorldBuilderCityManager	SetPlotOwner
WorldBuilderConfigurationManager	GetMapValue
WorldBuilderConfigurationManager	GetMapValues
WorldBuilderConfigurationManager	SetMapValue
WorldBuilderManager	CanRedo
WorldBuilderManager	CanUndo
WorldBuilderManager	CityManager
WorldBuilderManager	ClearVisibilityPreviewPlayer
WorldBuilderManager	ConfigurationManager
WorldBuilderManager	EndUndoBlock
WorldBuilderManager	GenerateID
WorldBuilderManager	GetWBAdvancedMode
WorldBuilderManager	IsMod
WorldBuilderManager	MapManager
WorldBuilderManager	ModManager
WorldBuilderManager	PlayerManager
WorldBuilderManager	Redo
WorldBuilderManager	SetID
WorldBuilderManager	SetMod
WorldBuilderManager	SetVisibilityPreviewPlayer
WorldBuilderManager	SetWBAdvancedMode
WorldBuilderManager	StartUndoBlock
WorldBuilderManager	Undo
WorldBuilderManager	UnitManager
WorldBuilderManager_Inactive	IsActive
WorldBuilderMapManager	CanPlaceFeature
WorldBuilderMapManager	CanPlaceImprovement
WorldBuilderMapManager	CanPlaceResource
WorldBuilderMapManager	DoesPlotBorderRiver
WorldBuilderMapManager	EditCliff
WorldBuilderMapManager	EditRiver
WorldBuilderMapManager	GetDimensionsFromTiled
WorldBuilderMapManager	GetPlotValue
WorldBuilderMapManager	IsImprovementPlaceable
WorldBuilderMapManager	IsWonderTooClose
WorldBuilderMapManager	LoadPlotsFromTiled
WorldBuilderMapManager	SetAllRevealed
WorldBuilderMapManager	SetCoastalLowland
WorldBuilderMapManager	SetPlotValue
WorldBuilderMapManager	SetResourceType
WorldBuilderMapManager	SetRevealed
WorldBuilderMapManager	SetRouteType
WorldBuilderModManager	GetKeyStringPairByIndex
WorldBuilderModManager	GetLanguageByIndex
WorldBuilderModManager	GetString
WorldBuilderModManager	RemoveString
WorldBuilderModManager	SetKeyStringPairByIndex
WorldBuilderModManager	SetString
WorldBuilderPlayerManager	AddPlayer
WorldBuilderPlayerManager	ClearPlayerStartingPosition
WorldBuilderPlayerManager	ClearStartingPosition
WorldBuilderPlayerManager	GetMaxPlayers
WorldBuilderPlayerManager	GetPlayerConfig
WorldBuilderPlayerManager	GetSlotStatus
WorldBuilderPlayerManager	GetStartPositionInfo
WorldBuilderPlayerManager	GetStartPositionPlayer
WorldBuilderPlayerManager	InitializePlayer
WorldBuilderPlayerManager	IsPlayerInitialized
WorldBuilderPlayerManager	PlayerHasCivic
WorldBuilderPlayerManager	PlayerHasTech
WorldBuilderPlayerManager	SetCivilizationStartingPosition
WorldBuilderPlayerManager	SetLeaderStartingPosition
WorldBuilderPlayerManager	SetPlayerEra
WorldBuilderPlayerManager	SetPlayerFaith
WorldBuilderPlayerManager	SetPlayerGold
WorldBuilderPlayerManager	SetPlayerHasCivic
WorldBuilderPlayerManager	SetPlayerHasTech
WorldBuilderPlayerManager	SetPlayerLeader
WorldBuilderPlayerManager	SetPlayerSlotStatus
WorldBuilderPlayerManager	SetPlayerStartingPosition
WorldBuilderPlayerManager	SetRandomMajorStartingPosition
WorldBuilderPlayerManager	SetRandomMinorStartingPosition
WorldBuilderPlayerManager	UninitializePlayer
WorldBuilderUnitManager	Remove
WorldBuilderUnitManager	RemoveAll
WorldBuilderUnitManager	RemoveAt
