kind	operation	hash_u32	handler_class	register_old	register_new	methods(name:old->new)
City::Commands	DESTROY	0x7b72d9ea	XP1::Destroy	0x71b080	0x71b860	`vector_deleting_destructor':0x71b600->0x935a0,0x37d700,0x488ad0,0x5e3560,0x626710,0x657ad0...; CanStart:0x71b020->0x71b800; Start:0x71b100->0x71b8e0
City::Commands	MANAGE	0x2b759233	ManageCitizen	0x67f690	0x67fd20	CanStart:0x67f510->0x67fba0; Start:0x67f740->0x67fdd0; MakeParameters:0x67f550->0x67fbe0; SetParameters:0x67f710->0x67fda0
City::Commands	NAME_CITY	0xd79111d4	NameCity	0x67fab0	0x680120	Start:0x67fb30->0x6801a0; MakeParameters:0x67f920->0x67ff30
City::Commands	PURCHASE	0x58dbb288	XP2::Purchase	0x74ee30	0x74f600	CanStart:0x74e770->0x74ef40; Start:0x74eeb0->0x74f680
City::Commands	RANGE_ATTACK	0x8abcccc1	RangeAttack	0x681ab0	0x682070	CanStart:0x681100->0x6816c0; Start:0x681b30->0x6820f0; MakeParameters:0x681830->0x681df0; SetParameters:0x682920->0x682f20
City::Commands	SET_FOCUS	0x8d20552a	SetFocus	0x67eaa0	0x67f130	Start:0x67eb60->0x67f1f0; MakeParameters:0x67e700->0x67ed90; SetParameters:0x67eb20->0x67f1b0
City::Commands	SWAP_TILE_OWNER	0xb894d3b7	SwapTileOwner	0x682110	0x682690	CanStart:0x681cf0->0x682270; Start:0x6821c0->0x682740; MakeParameters:0x681ef0->0x682470; SetParameters:0x682190->0x682710
City::Commands	WMD_STRIKE	0x28a1a8d9	WMDStrike	0x6828a0	0x682ea0	CanStart:0x6822e0->0x6828e0; Start:0x682940->0x682f40; MakeParameters:0x682630->0x682c30
City::Operations	BUILD	0x2c0f4a46	Build	0x683eb0	0x684490	CanStart:0x682c10->0x6831e0; MakeRequest:0x683320->0x683900; Write:0x683f30->0x684510; Read:0x683a00->0x683fe0; MakeParameters:0x682d00->0x6832e0
City::Operations	BUILD	0x2c0f4a46	XP2::Build	0x74f4e0	0x74fce0	`scalar_deleting_destructor':0x682be0->0x935a0,0x37d700,0x488ad0,0x5e3560,0x626710,0x657ad0...; CanStart:0x74f300->0x74fb00; Start:0x74f560->0x74fd60
Unit::Commands	ACTIVATE_GREAT_PERSON	0x165502d8	ActivateGreatPerson	0x654e00	0x655470	CanStart:0x654350->0x6549c0; Start:0x654ef0->0x655560
Unit::Commands	AIRLIFT	0x2a50a9d8	Airlift	0x655b40	0x6561b0	CanStart:0x655440->0x655ab0; Start:0x655c30->0x6562a0
Unit::Commands	AREA_DAMAGE_HEAL	0x2b5d4664	HeroAreaDamageHeal	0x65a3f0	0x65aaa0	CanStart:0x65a110->0x65a7c0; Start:0x65a4d0->0x65ab80
Unit::Commands	BUILDING_PRODUCTION	0xfd1bd244	BuildingProduction	0x5de750	0x5df3b0	CanStart:0x5de5a0->0x5df200; Start:0x5de840->0x5df4a0
Unit::Commands	CANCEL	0x1fc9af6d	Cancel	0x655f50	0x6565c0	CanStart:0x655f30->0x6565a0; Start:0x656040->0x6566b0
Unit::Commands	COMPLETE_DISTRICT	0xcc3352ac	HeroCompleteDistrict	0x65b140	0x65b820	CanStart:0x65ae60->0x65b540; Start:0x65b1f0->0x65b8d0
Unit::Commands	CONDEMN_HERETIC	0xdc60e164	XP2::CondemnHeretic	0x5e1320	0x5e1d10	CanStart:0x5e0fa0->?; Start:0x5e1420->0x5e1e10
Unit::Commands	CONDEMN_HERETIC	0xdc60e164	CondemnHeretic	0x6563e0	0x656a50	CanStart:0x6560b0->0x656720; Start:0x6564d0->0x656b40
Unit::Commands	CREATE_RANDOM_RESOURCE	0xdfda903b	HeroCreateRandomResource	0x65b6d0	0x65bdb0	CanStart:0x65b380->0x65ba60; Start:0x65b800->0x65bee0
Unit::Commands	DELETE	0x73cd1698	Delete	0x656880	0x656ef0	CanStart:0x6567e0->0x656e50; Start:0x656970->0x656fe0
Unit::Commands	DESTROY_DEVELOPMENT	0x55fbb654	HeroDestroyDevelopment	0x65bfc0	0x65c6a0	CanStart:0x65bbb0->0x65c290; Start:0x65c070->0x65c750
Unit::Commands	DISTRICT_PRODUCTION	0xb8e60f7f	XP2::DistrictProduction	0x5e1a50	0x5e2440	CanStart:0x5e1890->0x5e2280; Start:0x5e1b50->0x5e2540
Unit::Commands	DISTRICT_PRODUCTION	0xb8e60f7f	DistrictProduction	0x657130	0x657770	CanStart:0x656f50->0x657590; Start:0x657220->0x657860
Unit::Commands	ENTER_FORMATION	0xc9903c80	EnterFormation	0x6598b0	0x659f90	CanStart:0x659210->0x659880; Start:0x659a90->0x65a170
Unit::Commands	EXECUTE_SCRIPT	0x4d75cf01	ExecuteScript	0x657780	0x657df0	CanStart:0x657490->0x657b00; Start:0x657870->0x657ee0
Unit::Commands	EXIT_FORMATION	0xfcfe4c4d	ExitFormation	0x6599a0	0x65a080	CanStart:0x659600->0x659c70; Start:0x659cd0->0x65a3b0
Unit::Commands	FORCE_LEVY_MILITARY	0xe6a84cbe	HeroForceLevyMilitary	0x65c6f0	0x65cda0	CanStart:0x65c450->0x65cb00; Start:0x65c7a0->0x65ce50
Unit::Commands	FORM_ARMY	0xae2337d1	FormArmy	0x658350	0x6589c0	CanStart:0x657a80->0x6580f0; Start:0x658440->0x658ab0
Unit::Commands	FORM_CORPS	0x1d13421d	FormCorps	0x658db0	0x659420	CanStart:0x6587b0->0x658e20; Start:0x658ea0->0x659510
Unit::Commands	GRANT_ENVOY	0xbd267d77	HeroGrantEnvoy	0x65ccd0	0x65d380	CanStart:0x65ca60->0x65d110; Start:0x65cdb0->0x65d460
Unit::Commands	HARVEST_WONDER	0x0f423544	HarvestWonder	0x659d50	0x65a430	Start:0x659e40->0x65a520
Unit::Commands	KILL_WEAKER_UNIT	0x19d6e65c	HeroKillWeakerUnit	0x65de40	0x65e480	CanStart:0x65d8f0->0x65dfa0; Start:0x65df20->0x65e560
Unit::Commands	MOVE_JUMP	0x9ff82652	Jump	0x5defb0	0x5dfc10	CanStart:0x5deb80->0x5df7e0; Start:0x5df0a0->0x5dfd00
Unit::Commands	NAME_UNIT	0xad2ecad4	XP2::NameUnit	0x5e1eb0	0x5e28a0	CanStart:0x5e1d90->0x5e2780
Unit::Commands	NAME_UNIT	0xad2ecad4	NameUnit	0x660b60	0x661170	CanStart:0x660920->0x660f90; Start:0x660c50->0x661260
Unit::Commands	NAVAL_GOLD_RAID	0x9b988476	HeroNavalGoldRaid	0x65e8c0	0x65ef30	CanStart:0x65e300->0x65e970; Start:0x65e9a0->0x65f010
Unit::Commands	PARADROP	0xd854f833	Paradrop	0x5dfcc0	0x5e07e0	CanStart:0x5df550->0x5e01b0; Start:0x5dfdb0->0x5e08d0
Unit::Commands	PET_THE_DOG	0xba044881	PetTheDog	0x660fa0	0x6615e0	CanStart:0x660d90->0x6613d0; Start:0x6610a0->0x6616e0
Unit::Commands	PLUNDER_TRADE_ROUTE	0x5ea751e8	XP2::PlunderTradeRoute	0x5e2300	0x5e2cf0	CanStart:0x5e1fb0->?; Start:0x5e2400->0x5e2df0
Unit::Commands	PRIORITY_TARGET	0x940a6c81	PriorityTarget	0x5e0790	0x5e1280	CanStart:0x5e0290->?; Start:0x5e0980->0x5e1370
Unit::Commands	PROJECT_PRODUCTION	0xb3ec17d3	ProjectProduction	0x5e0c80	0x5e1670	CanStart:0x5e0b10->0x5e1500; Start:0x5e0d70->0x5e1760
Unit::Commands	PROMOTE	0xb4edd43f	Promote	0x661dc0	0x662400	CanStart:0x661760->0x661da0; Start:0x661eb0->0x6624f0
Unit::Commands	RANDOM_TECH_BOOST	0xa3acd12f	HeroGrantRandomTechBoost	0x65d550	0x65dc00	CanStart:0x65d190->0x65d840; Start:0x65d600->0x65dcb0
Unit::Commands	RELEASE_LEVY	0xa366b090	Unlevy	0x662a60	0x6630a0	CanStart:0x662950->0x662f90; Start:0x662b50->0x663190
Unit::Commands	RESOURCE_INSPIRE	0x5ea3895f	HeroResourceInspire	0x65f260	0x65f8d0	CanStart:0x65ede0->0x65f450; Start:0x65f340->0x65f9b0
Unit::Commands	RESTORE_UNIT_MOVES	0x5fb835b2	HeroRestoreUnitMoves	0x65fba0	0x660210	CanStart:0x65f780->0x65fdf0; Start:0x65fc80->0x6602f0
Unit::Commands	SPREAD_DISSENT	0xb45e3413	SpreadDissent	0x714b60	0x7153d0	CanStart:0x714860->0x7150d0; Start:0x714c50->0x7154c0
Unit::Commands	TRANSFORM_UNIT	0xa46efbb1	HeroTransformUnit	0x6604f0	0x660b60	CanStart:0x65ffc0->0x660630; Start:0x6605d0->0x660c40
Unit::Commands	TREAT_WITH_CLAN_DISPERSE	0x25eb8706	DisperseClan	0x656d90	0x6573d0	CanStart:0x656b60->0x6571a0; Start:0x656e70->0x6574b0
Unit::Commands	TREAT_WITH_CLAN_RAID	0xad4cd51e	RaidClan	0x662600	0x662c40	CanStart:0x661fe0->0x662620; Start:0x6626b0->0x662cf0
Unit::Commands	UPGRADE	0xd34b69c0	Upgrade	0x662d30	0x663370	CanStart:0x662be0->0x663220; Start:0x662e20->0x663460
Unit::Commands	UPGRADE	0xd34b69c0	XP2::Upgrade	0x745ce0	0x746580	Start:0x745de0->0x746680
Unit::Commands	WAKE	0x0bf458e5	Wake	0x663610	0x663c50	CanStart:0x6635d0->0x663c10; Start:0x663700->0x663d40
Unit::Commands	WONDER_PRODUCTION	0x666d2d87	WonderProduction	0x663990	0x663fd0	CanStart:0x663770->0x663db0; Start:0x663a80->0x6640c0
Unit::Operations	AIR_ATTACK	0x1f633b1e	AirAttack	0x664420	0x664a70	CanStart:0x663f10->0x664550; Update:0x6644a0->0x664af0; MakeParameters:0x664260->0x6648b0
Unit::Operations	ALERT	0xe547bc17	Alert	0x664a90	0x6650e0	CanStart:0x664620->0x664c70; Update:0x664b60->0x665200; CheckComplete:0x664770->0x664dc0; TurnStartCheck:0x664b10->0x6651b0; Start:0x672250->0x665160; Deactivate:0x6647e0->0x664e30; IsEnemyVisible:0x664840->0x664e90
Unit::Operations	AUTOMATE_EXPLORE	0x9c0b44c6	AutomateExplore	0x664f90	0x665630	CanStart:0x664be0->0x665280; Update:0x665010->0x6656b0; MakeParameters:0x664ec0->0x665560
Unit::Operations	BUILD_IMPROVEMENT	0x1d60e778	XP2::BuildImprovement	0x748740	0x748f90	CanStart:0x7476f0->0x747f90; Start:0x748870->0x7490c0; MakeParameters:0x748630->0x748ed0; SetAsRequestImprovementType:0x7487c0->0x749010
Unit::Operations	BUILD_IMPROVEMENT_ADJACENT	0x38541ac6	XP2::BuildImprovementAdjacent	0x749e10	0x74a600	CanStart:0x7491d0->0x7499c0; Start:0x749e90->0x74a680; MakeParameters:0x749b20->0x74a310
Unit::Operations	BUILD_ROUTE	0x06e68aef	XP2::BuildRoute	0x74a910	0x74b100	CanStart:0x74a4a0->0x74ac90; Start:0x74a990->0x74b180
Unit::Operations	CAUSE_DISASTER	0xa92585ad	XP3::CauseDisaster	0x7469a0	0x747240	CanStart:0x746730->0x746fd0; Start:0x746a20->0x7472c0
Unit::Operations	CLEAR_CONTAMINATION	0x9582ab1e	ClearContamination	0x665dd0	0x666360	CanStart:0x665be0->0x6662c0; Start:0x665e50->0x6663e0
Unit::Operations	COASTAL_RAID	0xcfb9b561	CoastalRaid	0x666840	0x666dd0	CanStart:0x666320->0x6668b0; Start:0x6668c0->0x666e50; MakeParameters:0x666680->0x666c10
Unit::Operations	COASTAL_RAID	0xcfb9b561	XP2::CoastalRaid	0x74b030	0x74b820	CanStart:0x74ace0->0x74b4d0; Start:0x74b0b0->0x74b8a0
Unit::Operations	CONVERT_BARBARIANS	0x4cab9003	ConvertBarbarians	0x667070	0x667600	CanStart:0x666ee0->0x667470; Start:0x6670f0->0x667680
Unit::Operations	DEPLOY	0x14153aa4	Deploy	0x667df0	0x668380	CanStart:0x667940->0x667ed0; Start:0x667e70->0x668400; MakeParameters:0x667c30->0x6681c0
Unit::Operations	DESIGNATE_PARK	0x3d7d2377	DesignatePark	0x6683c0	0x668950	CanStart:0x668030->0x6685c0; Start:0x668440->0x6689d0; MakeParameters:0x6681b0->0x668740
Unit::Operations	DISEMBARK	0x324e52e7	Disembark	0x6685d0	0x668b60	Start:0x6686d0->?
Unit::Operations	EMBARK	0x1124b3d3	Embark	0x668650	0x668c20	
Unit::Operations	EVANGELIZE_BELIEF	0xa4a61aed	EvangelizeBelief	0x668860	0x668e20	CanStart:0x6686e0->0x668ca0; Start:0x6688e0->0x668ea0
Unit::Operations	EXCAVATE	0x5c533acc	ExtractArtifact	0x669100	0x6696c0	`scalar_deleting_destructor':0x6758c0->0x935a0,0x37d700,0x488ad0,0x5e3560,0x626710,0x657ad0...; CanStart:0x669010->0x6695d0; Start:0x669180->0x669740
Unit::Operations	EXECUTE_SCRIPT	0xa590ba46	ExecuteScript	0x668d00	0x6692c0	`scalar_deleting_destructor':0x668a70->0x669030; CanStart:0x668aa0->0x669060; Update:0x668f90->0x669550; CheckComplete:0x668af0->0x6690b0; TurnStartCheck:0x668f80->0x669540; Start:0x668d80->0x669340; MakeParameters:0x668b50->0x669110
Unit::Operations	FORTIFY	0xd3a6f7e8	Fortify	0x669610	0x669bd0	CanStart:0x669450->0x669a10; Update:0x669690->0x669c50; CheckComplete:0x669550->0x669b10
Unit::Operations	FOUND_CITY	0x5733ac6c	FoundCity	0x669880	0x669e40	CanStart:0x6696d0->0x669c90; Start:0x669900->0x669ec0
Unit::Operations	FOUND_RELIGION	0xc72fe8fb	FoundReligion	0x66a0e0	0x66a6a0	CanStart:0x669cb0->0x66a270; Start:0x66a160->0x66a720
Unit::Operations	HARVEST_RESOURCE	0xf4027acc	HarvestResource	0x66a550	0x66ab10	CanStart:0x66a470->0x66aa30; Start:0x66a5d0->0x66ab90
Unit::Operations	HEAL	0x7eb896fb	Heal	0x66b100	0x66b770	CanStart:0x66aed0->0x66b490; Update:0x66b1d0->0x66b840; CheckComplete:0x66b070->0x66b6e0; TurnStartCheck:0x66b180->0x66b7f0
Unit::Operations	LAUNCH_INQUISITION	0xbcc1d2a7	LaunchInquisition	0x66b3b0	0x66ba20	CanStart:0x66b230->0x66b8a0; Start:0x66b430->0x66baa0
Unit::Operations	MAKE_TRADE_ROUTE	0x8374d954	XP2::MakeTradeRoute	0x74b6d0	0x74bec0	Start:0x74b750->0x74bf40
Unit::Operations	MOVE_TO	0x580f2f68	MoveTo	0x66c9c0	0x66cff0	CanStart:0x66c480->0x66cb10; Update:0x66cab0->0x66d0e0; CheckComplete:0x66c5a0->0x66cc30; Start:0x66ca40->0x66d070; Deactivate:0x66c5f0->0x66cc80; GetTargetPlot:0x66c630->0x6729d0; MakeParameters:0x66c690->0x66ccc0
Unit::Operations	MOVE_TO_UNIT	0x59047564	MoveToUnit	0x66d1d0	0x66d800	CanStart:0x66cf50->0x66d580; CheckComplete:0x66d020->0x66d650; TimerComplete:0x672650->?; GetTargetPlot:0x66d0a0->0x66d6d0; MakeParameters:0x66d0f0->0x66d720
Unit::Operations	PILLAGE	0x4885d724	Pillage	0x66d830	0x66de60	CanStart:0x66d270->0x66d8a0; Start:0x66d8b0->0x66dee0; MakeParameters:0x66d640->0x66dc70
Unit::Operations	PILLAGE	0x4885d724	XP2::Pillage	0x74bdc0	0x74c5b0	CanStart:0x74b9b0->0x74c1a0
Unit::Operations	PILLAGE_ROUTE	0xcd8cd1ee	PillageRoute	0x66de10	0x66e4a0	CanStart:0x66dc90->0x66e320; Start:0x66de90->0x66e520
Unit::Operations	PLANT_FOREST	0x2c5b585e	PlantForest	0x66e0c0	0x66e750	CanStart:0x66dfb0->0x66e640; Start:0x66e140->0x66e7d0
Unit::Operations	RANGE_ATTACK	0x09d0292a	RangeAttack	0x66efd0	0x66f660	CanStart:0x66e4d0->0x66eb60; Update:0x66f1a0->0x66f830; MakeParameters:0x66ee10->0x66f4a0; HasNecessaryVisionOfPlot:0x66ed70->0x66f400
Unit::Operations	REBASE	0xc124d677	ReBase	0x66f990	0x670020	CanStart:0x66f290->0x66f920; Start:0x66fa10->0x6700a0; MakeParameters:0x66f7d0->0x66fe60
Unit::Operations	RELIGIOUS_HEAL	0xb2bdb074	ReligiousHeal	0x66ff80	0x670610	CanStart:0x66fb00->0x670190; Start:0x670000->0x670690; GetHealTargets:0x66fbb0->0x670240
Unit::Operations	REMOVE_FEATURE	0xd1fde2e6	RemoveFeature	0x670a00	0x671090	CanStart:0x670360->0x6709f0; Start:0x670a80->0x671110; ObtainYield:0x670460->0x670af0
Unit::Operations	REMOVE_FEATURE	0xd1fde2e6	XP2::RemoveFeature	0x74be40	0x74c630	Start:0x74bec0->0x74c6b0
Unit::Operations	REMOVE_HERESY	0xe24f39a9	RemoveHeresy	0x671210	0x6718a0	CanStart:0x670e20->0x6714b0
Unit::Operations	REMOVE_IMPROVEMENT	0xb1a33524	XP2::RemoveImprovement	0x74c470	0x74cc60	CanStart:0x74c310->0x74cb00
Unit::Operations	REPAIR	0x08ca367f	XP2::Repair	0x74c740	0x74cf30	CanStart:0x74c4f0->0x74cce0
Unit::Operations	REPAIR_ROUTE	0x0d9c021e	RepairRoute	0x671ba0	0x672280	CanStart:0x671b40->0x672220; Start:0x671c20->0x672300
Unit::Operations	REST_REPAIR	0x7d63187b	RestRepair	0x6721d0	0x672800	CanStart:0x671d10->0x6723f0; Update:0x6722a0->0x672880; CheckComplete:0x672160->0x672790; CannotHealThisTerritory:0x6720b0->0x66b630
Unit::Operations	RETRAIN	0x41df0e9f	Retrain	0x6722e0	0x6728c0	Start:0x672360->0x672940
Unit::Operations	ROUTE_TO	0x411ac6df	RouteTo	0x672520	0x672b00	CheckComplete:0x672430->0x6729b0; Start:0x6725a0->0x672b80; CalculateTimer:0x6723d0->0x66cab0; MakeParameters:0x672450->0x672a30
Unit::Operations	SKIP_TURN	0x2c681908	SkipTurn	0x6727b0	0x672d90	CanStart:0x672660->0x672c40; Start:0x672830->0x672e10
Unit::Operations	SLEEP	0xfd89387a	Sleep	0x672a00	0x672fe0	CanStart:0x6728b0->0x672e90; Start:0x672a80->0x673060
Unit::Operations	SOOTHSAYER_SACRIFICE	0x6e290af6	XP3::SacrificeUnit	0x7473d0	0x747c70	CanStart:0x746d40->0x7475e0; Start:0x747450->0x747cf0; MakeParameters:0x747200->0x747aa0
Unit::Operations	SPREAD_RELIGION	0x5eea3a1a	SpreadReligion	0x673160	0x673740	CanStart:0x672b20->0x673100; Start:0x6731e0->0x6737c0; GetEligibleTargetCity:0x672f80->0x673560; ComputePressure:0x672eb0->0x673490
Unit::Operations	SPREAD_RELIGION	0x5eea3a1a	XP2::SpreadReligion	0x74c7c0	0x74cfb0	Start:0x74c840->0x74d030
Unit::Operations	SPY_BREACH_DAM	0xf4921fdc	XP2::SpyBreachDam	0x74d220	0x74da10	CanStart:0x74cde0->0x74d5d0; Start:0x678eb0->0x679420; GetOperationConfirmationText:0x74d080->0x74d870; GetOperationDetailText:0x6772c0->0x3ef40; ResolveOperation:0x74d3f0->?; ResolveBreachDam:0x74d2a0->0x74da90; HasDamToBreach:0x74d120->0x74d910
Unit::Operations	SPY_COUNTERSPY	0x886ffcd1	XP1::SpyCounterspy	0x7153a0	0x715c10	CanStart:0x714f90->0x715800
Unit::Operations	SPY_DISRUPT_ROCKETRY	0xc31647e8	XP1::SpyDisruptRocketry	0x715770	0x715fe0	CanStart:0x715420->0x715c90
Unit::Operations	SPY_FABRICATE_SCANDAL	0x96b7df5a	XP1::SpyFabricateScandal	0x7160a0	0x716910	CanStart:0x7157f0->0x716060; TurnStartCheck:0x716d30->0x7175a0; GetOperationConfirmationText:0x715f30->0x7167a0; GetOperationDetailText:0x715fd0->0x716840; ResolveOperation:0x716400->0x716c70; RemoveGovernors:0x7162e0->0x716b50; HasEnvoysToRemove:0x716060->0x7168d0; RemoveEnvoys:0x716120->0x716990; DistributeEnvoyRemoval:0x7159b0->0x716220
Unit::Operations	SPY_FOMENT_UNREST	0xa5d4e1a9	XP1::SpyFomentUnrest	0x7170e0	0x717950	CanStart:0x716e00->0x717670; TurnStartCheck:0x7179f0->0x718260; GetOperationConfirmationText:0x716fa0->0x717810; GetOperationDetailText:0x717040->0x7178b0; ResolveOperation:0x717230->0x717aa0; ResolveFomentUnrest:0x717160->0x7179d0
Unit::Operations	SPY_GAIN_SOURCES	0xed72b77d	XP1::SpyGainSources	0x717c60	0x7184d0	CanStart:0x717a80->0x7182f0
Unit::Operations	SPY_GREAT_WORK_HEIST	0x1cf0d742	XP1::SpyGreatWorkHeist	0x718090	0x718900	CanStart:0x717ce0->0x718550
Unit::Operations	SPY_LISTENING_POST	0xc70c4768	XP1::SpyListeningPost	0x7182c0	0x718b30	CanStart:0x718110->0x718980
Unit::Operations	SPY_NEUTRALIZE_GOVERNOR	0xc08a9ad9	XP1::SpyNeutralizeGovernor	0x718770	0x718fe0	CanStart:0x718340->0x718bb0; TurnStartCheck:0x719080->0x7198f0; Start:0x675690->0x677420; GetOperationConfirmationText:0x7185c0->0x718e30; GetOperationDetailText:0x718660->0x718ed0; ResolveOperation:0x7187f0->0x719060; NeutralizeGovernor:0x7186d0->0x718f40; GetEnemyGovernor:0x718540->0x718db0; GetNeutralizationDuration:0x718580->0x718df0
Unit::Operations	SPY_RECRUIT_PARTISANS	0xd575985b	XP1::SpyRecruitPartisans	0x7194f0	0x719cd0	CanStart:0x719150->0x7199c0; ResolveOperation:0x719570->0x719d50
Unit::Operations	SPY_SABOTAGE_PRODUCTION	0x09c1ecc1	XP1::SpySabotageProduction	0x71a1a0	0x71a980	CanStart:0x719e60->0x71a640
Unit::Operations	SPY_SIPHON_FUNDS	0x223eea54	XP1::SpySiphonFunds	0x71a550	0x71ad30	CanStart:0x71a220->0x71aa00
Unit::Operations	SPY_STEAL_TECH_BOOST	0xd8687469	XP1::SpyStealTechBoost	0x71a9a0	0x71b180	CanStart:0x71a5d0->0x71adb0; _FindBestBoostToSteal:0x71aa20->0x71b200
Unit::Operations	SPY_TRAVEL_NEW_CITY	0xb2cca377	XP1::SpyTravelNewCity	0x71afa0	0x71b780	CanStart:0x71aa60->0x71b240; IsValidTeleportDestination:0x71adf0->0x71b5d0
Unit::Operations	SPY_ZOMBIFY	0x8c676517	SpyZombify	0x67b040	0x67b510	CanStart:0x67ac70->0x67b1e0; TurnStartCheck:0x67bbc0->0x67c1f0; Start:0x6773c0->0x67c090; GetOperationConfirmationText:0x67aee0->0x677840; GetOperationDetailText:0x67af80->0x67b450; ResolveOperation:0x67b0c0->0x67b590; SpawnSomeZombies:0x67b890->0x67bd60
Unit::Operations	SWAP_UNITS	0x7fa205d1	SwapUnits	0x67c1b0	0x67c7e0	CanStart:0x67bca0->0x67c2d0; Start:0x67c230->0x67c860; MakeParameters:0x67bf90->0x67c5c0; GetSwapUnit:0x67bd20->0x67c350
Unit::Operations	TELEPORT_TO	0xc8ce5dfb	TeleportTo	0x67c910	0x67cf30	CanStart:0x67c440->0x67ca70; Start:0x67c990->0x67cfb0; MakeParameters:0x67c740->0x67cd60
Unit::Operations	TELEPORT_TO_CITY	0x1e5838b9	TeleportToCity	0x67d260	0x67d880	CanStart:0x67cc70->0x67d290; Start:0x67d2e0->0x67d900; MakeParameters:0x67d190->0x67d7b0; CanUnitEverTeleport:0x67cfa0->0x67d5c0; IsValidTeleportDestination:0x67d030->0x67d650
Unit::Operations	TOURISM_BOMB	0x852ce4df	XP2::TourismBomb	0x74e270	0x74ea40	CanStart:0x74dbc0->0x74e390; Start:0x74e2f0->0x74eac0; MakeParameters:0x74e040->0x74e810
Unit::Operations	UPGRADE	0xd25fe9ae	Upgrade	0x67d3d0	0x67d9f0	Start:0x67d450->0x67da70
Unit::Operations	WAIT_FOR	0xcbb2f941	WaitFor	0x67e680	0x67ece0	CheckComplete:0x67e510->0x67eb70; MakeParameters:0x67e5a0->0x67ec00
Unit::Operations	WMD_STRIKE	0x98eca9ea	WMDStrike	0x67e2a0	0x67e900	CanStart:0x67dc00->0x67e260; Update:0x67e320->0x67e980; MakeParameters:0x67dfb0->0x67e610
