name	hash_u32	enum_value	functions_referencing_in_code	example_functions
INVALID	0x00000000	0	0	
TYPE	0x5b4ebf7c	1531887484	0	
BUILD_CAMPUS	0x6d0db38f	1829614479	0	
BUILD_HOLY_SITE	0xa00d8824	-1609725916	0	
BUILD_ENCAMPMENT	0x47fd7dd9	1207795161	0	
BUILD_ENTERTAINMENT_COMPLEX	0x6faa7868	1873442920	0	
BUILD_THEATER_DISTRICT	0x7fdbab5a	2145102682	0	
BUILD_HARBOR	0xd738b9d6	-684148266	0	
BUILD_IMPROVEMENT	0x1d60e778	492889976	0	
BUILD_ROUTE	0x06e68aef	115772143	0	
CONVERT_BARBARIANS	0x4cab9003	1286311939	0	
DISEMBARK	0x324e52e7	843993831	0	
EMBARK	0x1124b3d3	287618003	0	
EVANGELIZE_BELIEF	0xa4a61aed	-1532618003	0	
EXCAVATE	0x5c533acc	1548958412	0	
FOUND_CITY	0x5733ac6c	1463004268	0	
FOUND_RELIGION	0xc72fe8fb	-953161477	0	
HARVEST_RESOURCE	0xf4027acc	-201164084	0	
LAUNCH_INQUISITION	0xbcc1d2a7	-1128148313	0	
MOVE_TO	0x580f2f68	1477390184	0	
MOVE_TO_UNIT	0x59047564	1493464420	0	
RANGE_ATTACK	0x09d0292a	164636970	0	
AIR_ATTACK	0x1f633b1e	526596894	0	
AUTOMATE_EXPLORE	0x9c0b44c6	-1676983098	0	
WMD_STRIKE	0x98eca9ea	-1729320470	0	
COASTAL_RAID	0xcfb9b561	-809912991	0	
REMOVE_FEATURE	0xd1fde2e6	-771890458	0	
PLANT_FOREST	0x2c5b585e	744183902	0	
REMOVE_IMPROVEMENT	0xb1a33524	-1314704092	0	
CLEAR_CONTAMINATION	0x9582ab1e	-1786598626	0	
REPAIR	0x08ca367f	147469951	0	
REPAIR_ROUTE	0x0d9c021e	228327966	0	
ROUTE_TO	0x411ac6df	1092273887	0	
RETRAIN	0x41df0e9f	1105137311	0	
SPREAD_RELIGION	0x5eea3a1a	1592408602	0	
REMOVE_HERESY	0xe24f39a9	-498124375	0	
SWAP_UNITS	0x7fa205d1	2141324753	0	
UPGRADE	0xd25fe9ae	-765466194	0	
WAIT_FOR	0xcbb2f941	-877463231	0	
SKIP_TURN	0x2c681908	745019656	0	
SLEEP	0xfd89387a	-41338758	0	
ALERT	0xe547bc17	-448283625	0	
FORTIFY	0xd3a6f7e8	-744032280	0	
HEAL	0x7eb896fb	2126026491	0	
PILLAGE	0x4885d724	1216730916	0	
PILLAGE_ROUTE	0xcd8cd1ee	-846409234	0	
MAKE_TRADE_ROUTE	0x8374d954	-2089494188	0	
INTERCEPT	0xb4413443	-1270795197	0	
DEPLOY	0x14153aa4	336935588	0	
REBASE	0xc124d677	-1054550409	0	
REST_REPAIR	0x7d63187b	2103646331	0	
TELEPORT_TO_CITY	0x1e5838b9	509098169	0	
TELEPORT_TO	0xc8ce5dfb	-925999621	0	
DESIGNATE_PARK	0x3d7d2377	1031611255	0	
RELIGIOUS_HEAL	0xb2bdb074	-1296191372	0	
EXECUTE_SCRIPT	0xa590ba46	-1517241786	0	
SPY_COUNTERSPY	0x886ffcd1	-2005926703	0	
SPY_DISRUPT_ROCKETRY	0xc31647e8	-1021949976	0	
SPY_GAIN_SOURCES	0xed72b77d	-311249027	0	
SPY_GREAT_WORK_HEIST	0x1cf0d742	485545794	0	
SPY_LISTENING_POST	0xc70c4768	-955496600	0	
SPY_RECRUIT_PARTISANS	0xd575985b	-713713573	0	
SPY_SABOTAGE_PRODUCTION	0x09c1ecc1	163704001	0	
SPY_SIPHON_FUNDS	0x223eea54	574548564	0	
SPY_STEAL_TECH_BOOST	0xd8687469	-664243095	0	
SPY_TRAVEL_NEW_CITY	0xb2cca377	-1295211657	0	
SPY_ZOMBIFY	0x8c676517	-1939380969	0	
SPY_FABRICATE_SCANDAL	0x96b7df5a	-1766334630	0	
SPY_FOMENT_UNREST	0xa5d4e1a9	-1512775255	0	
SPY_NEUTRALIZE_GOVERNOR	0xc08a9ad9	-1064658215	0	
SPY_BREACH_DAM	0xf4921fdc	-191750180	0	
TOURISM_BOMB	0x852ce4df	-2060655393	0	
BUILD_IMPROVEMENT_ADJACENT	0x38541ac6	945035974	0	
CAUSE_DISASTER	0xa92585ad	-1457158739	0	
SOOTHSAYER_SACRIFICE	0x6e290af6	1848183542	0	
